CustomerId,FirstName,LastName,Email,PhoneNumber,Address,City,State,ZipCode,Country
1,Tracy,Odonnell,lauren67@yahoo.com,001-737-498-0521x12141,4800 Ferguson Way,New Lauren,Kansas,81797,United States Minor Outlying Islands
2,Karina,Proctor,jflores@gmail.com,+1-644-657-8243x76410,130 Brittany Trafficway,Hollyport,Wisconsin,57027,American Samoa
3,Ryan,Jefferson,franciscokerr@yahoo.com,(917)504-0664,66275 Bass Corner Suite 453,North Susanberg,Washington,66476,Congo
4,Ryan,Briggs,nmills@crosby.com,(140)221-1652x7685,3441 Robbins Park Apt. 306,Kaitlynshire,North Carolina,50512,Georgia
5,Kimberly,Bernard,nicholas22@sanchez.com,001-155-773-8184x440,70114 Marc Trail,Seanton,West Virginia,68847,Vanuatu
6,Troy,Moore,christopherdyer@hotmail.com,001-108-892-7707,99065 Michelle Roads Apt. 002,Margaretmouth,Hawaii,28121,Burkina Faso
7,Bryan,Pierce,patelstephanie@gmail.com,848-250-9891,625 Hanson Fork,Christopherfurt,Alabama,14909,Cambodia
8,Erin,Mcintosh,icarroll@jones.com,529-490-8625x063,6800 Steven Expressway,Meganmouth,Mississippi,71843,Tonga
9,Rachael,Hart,nelsonjason@gmail.com,(606)261-4361x3228,080 Tracy Points,Joshuafort,West Virginia,39508,Peru
10,Deborah,Simmons,castrojeanette@vaughn.com,+1-456-321-1421x2642,195 Kane Village,Robertside,Arkansas,26662,Macao
11,Robert,Powell,dlara@dickerson.com,+1-159-432-0766x69596,591 Kenneth Square Suite 030,Angelicaburgh,Ohio,92506,British Virgin Islands
12,David,Smith,lporter@yahoo.com,1666344433,662 Gregory Springs Suite 686,Juarezville,Maryland,08842,Sao Tome and Principe
13,Robert,Leach,wnichols@pace-yang.com,+1-386-142-6489x1041,864 Joseph Trail,Zoechester,Connecticut,38120,Bahrain
14,Mary,Harvey,flong@gmail.com,(659)167-8114x244,916 Jamie Hills,Phillipsfurt,New Hampshire,59049,Israel
15,Mark,Maynard,ruizcasey@trujillo-hernandez.info,001-852-713-5178x77447,26180 Ricky Springs,Davidfurt,Colorado,11440,Nicaragua
16,Kim,Scott,dgreen@hayes.org,(823)315-6802x603,06927 Young Greens,Heatherberg,Arizona,24185,Trinidad and Tobago
17,Jeremy,Bush,igonzalez@hebert.com,001-675-340-9183x09532,799 Timothy Oval,Gonzalesville,Kentucky,70541,Belarus
18,Joyce,Hoffman,michelle08@yahoo.com,360-923-2341,805 Matthew Points,Robinsonland,Wyoming,74980,Mauritius
19,Frederick,Horn,rita68@west-murphy.com,196.987.7226,549 Jones Points,Wallsshire,Iowa,78048,Turkey
20,Raymond,Williams,dennisjones@gmail.com,283.041.5647x4387,095 Michael Crescent Apt. 405,West Lauren,Ohio,39019,Timor-Leste
21,Jesus,Hernandez,karenmiller@goodwin.com,233-896-0708x086,647 Moran Squares,Halltown,Colorado,76848,Lebanon
22,Robert,Williams,robert47@day.com,0161933613,39743 Barber Oval,Stephanieside,Oklahoma,64708,Rwanda
23,Robert,Smith,maureenyoung@green.org,1979633482,076 Frank Station Apt. 958,Allenport,South Dakota,32591,Palau
24,Ashley,Simpson,howelljustin@baker.net,036.997.3509x86116,7032 Mckay Estate Suite 221,Lake Hannah,Wyoming,81990,Yemen
25,Kara,Simon,jessica54@yahoo.com,862-648-7486x12132,457 Collins Grove Apt. 942,East Josebury,North Dakota,23435,Gambia
26,Derek,Peterson,dford@gmail.com,391-236-4863,725 Jason Ports Apt. 954,New Elizabethstad,Georgia,61973,Monaco
27,Angela,Rangel,garzabecky@hotmail.com,+1-260-101-9769,722 Brown Inlet Suite 553,Rogersburgh,Georgia,81801,Lesotho
28,Isaac,Deleon,yjohnson@ho-paul.com,001-017-300-6228x5614,26202 Stephanie Stream,Hebertfort,Pennsylvania,07112,Paraguay
29,Ryan,Green,nunezalicia@rogers-nichols.biz,001-968-093-8034,27258 Gonzalez Corners Apt. 494,South Benjamin,Arkansas,65561,Liechtenstein
30,Michael,Gutierrez,karabrown@hotmail.com,066.763.0516,9938 Kara Port Suite 804,West Harold,Ohio,22540,Jordan
31,Sean,Smith,haroldmays@yahoo.com,(385)981-6403x9318,26802 Waters Mountains,East Lisa,Delaware,27288,United States Virgin Islands
32,Joel,Roth,dknight@hotmail.com,+1-811-138-1388x85304,7871 Christopher Rapid Suite 971,East Samantha,West Virginia,80520,Reunion
33,Tiffany,Cruz,stewartjennifer@gmail.com,408.046.7327x2438,91290 Edwards Stravenue Apt. 520,New Maria,Kansas,94925,Tunisia
34,Michelle,Cortez,brittany53@davis.info,537-270-9885,0353 Mckinney Hollow,Donaldton,Iowa,24757,United States Minor Outlying Islands
35,Stacey,Payne,gabrielmcdonald@yahoo.com,+1-100-931-4637x0147,9769 William Squares Apt. 913,Gibbsbury,Illinois,28807,India
36,Antonio,Alvarez,allenorozco@yahoo.com,(155)083-6732x36878,73299 Matthew Union Suite 204,Lovestad,Wyoming,82268,Mali
37,David,Stein,riveradavid@yahoo.com,(769)153-5541x4032,54800 Johnson Roads Apt. 789,Mcgeeview,Iowa,60927,Cuba
38,Robin,Hardin,curryamy@gmail.com,673.102.8334x9149,084 Seth Underpass,Kimberlystad,Tennessee,66967,El Salvador
39,Patricia,Cardenas,kempandrew@bartlett-richard.org,660-597-7401,3783 Andrew Square Suite 329,Williamsstad,Mississippi,12566,Ireland
40,Karen,Gonzales,jeremiahjensen@yahoo.com,001-673-438-5153x68335,258 Smith Tunnel Apt. 355,Juliaburgh,Mississippi,63337,Indonesia
41,Kendra,Howe,ewu@hotmail.com,001-247-259-6195,5879 Miles Tunnel Suite 603,Geoffreychester,Minnesota,12774,South Georgia and the South Sandwich Islands
42,Thomas,Davis,zhunter@scott.com,839.953.0522x244,567 Marie Vista Apt. 173,Jacksonstad,Missouri,09729,Netherlands
43,Victoria,Rodriguez,rthomas@heath.com,001-035-616-5748x55705,41889 Carr Station Apt. 356,West Nicholasmouth,Pennsylvania,70689,Cape Verde
44,Erica,Johns,blake02@berry-stevenson.com,(585)738-9305x834,958 Barbara Lakes,Blackwellside,Pennsylvania,02465,Ethiopia
45,Alexandria,Coleman,michelle78@yahoo.com,(082)201-5778x85064,3460 Melissa Glens Suite 205,Robertview,Massachusetts,95845,Guyana
46,Vanessa,Green,daniel68@gmail.com,271-980-3386x5165,16357 Wilson Bridge,Frostborough,Alaska,57078,Greece
47,John,Cook,patrickerik@yahoo.com,4689229206,842 Ashley Creek,Dawnhaven,South Dakota,85266,Libyan Arab Jamahiriya
48,Rachel,Frazier,christopherwilliams@yahoo.com,853-523-7844x065,6912 Medina Neck,West Robert,Kansas,13625,Bouvet Island (Bouvetoya)
49,David,Garcia,fterry@gmail.com,880-583-7095,08383 Brandon Keys,Port Susan,North Dakota,85417,Rwanda
50,Heather,Hernandez,williamlong@cruz.info,505.076.0230,991 Kimberly Cliffs,Lake Gregory,Louisiana,60071,Saint Barthelemy
51,Joseph,Gonzalez,ykey@brown.com,531-223-6167x452,2014 Ruiz Isle,Lake James,Tennessee,15428,Wallis and Futuna
52,Phillip,Hanson,leedanielle@yahoo.com,(455)606-7946,9945 Charles Tunnel,New Marthashire,Florida,57993,Venezuela
53,Brenda,Beck,coxmichael@arnold.org,+1-363-163-1581x0329,5056 Johnson Valley Apt. 849,West Ericmouth,Hawaii,30233,Western Sahara
54,Kristin,Hayes,gfry@hotmail.com,(414)067-0395x093,5623 Smith Springs Suite 349,Chrisland,Utah,35627,Gambia
55,Jason,Huff,arthur53@meyer-chapman.net,760-403-4562x1381,4683 Jessica Harbors Suite 253,Campbellbury,Hawaii,46670,Ghana
56,Larry,Paul,jose15@miller.com,159-914-5177x989,30612 Kevin Street Suite 467,Cherryside,Idaho,65281,Uzbekistan
57,Elizabeth,Hobbs,zarmstrong@beasley.net,+1-514-189-5869x198,3519 John Curve,South Kevin,Arkansas,50387,Madagascar
58,Amanda,Romero,ibishop@yahoo.com,483.018.0148,48084 Chris Square,Port Michele,Illinois,11435,Syrian Arab Republic
59,William,Reeves,elizabeth42@gmail.com,+1-451-329-8119x57638,45276 Frederick Green,West Franciscomouth,North Dakota,71516,Bahrain
60,Caitlin,Fowler,robertbrown@yahoo.com,233.605.6542x00150,76425 Calvin Land Apt. 023,North Stacie,Kansas,28711,Bhutan
61,Hunter,Fletcher,katherine58@yahoo.com,489-765-0130x751,22040 Rachel Mountains Suite 143,Raymondberg,Texas,46767,Burkina Faso
62,Juan,Page,jeffrey14@gmail.com,420-346-1731,14158 Guzman Valleys,Bushchester,Arkansas,15105,Falkland Islands (Malvinas)
63,Brandon,Brady,lmcfarland@gmail.com,+1-571-644-2679x463,66600 Harris Gateway Apt. 937,North Paulland,Alaska,54198,Saint Kitts and Nevis
64,Jason,Hernandez,margaretcarter@lee.com,988-346-9687x30245,2147 Brian Islands Suite 903,North Jasonville,New Hampshire,77621,Palestinian Territory
65,Brandon,Reeves,graykatie@smith.biz,927.002.4395,5555 Javier Court,Johnsonshire,Connecticut,45058,Spain
66,Bonnie,Morgan,christopherobrien@mann.com,440-369-2617x9634,585 Spencer Landing Apt. 441,Lauraberg,Nebraska,92818,Cameroon
67,Brian,Jensen,hallchristopher@zimmerman.com,811.274.0883,79850 Rodriguez Village Apt. 728,North Zacharyville,Idaho,73406,Benin
68,Tara,Howard,hfisher@white.com,5182986886,313 Barrett Plaza Apt. 768,Kathleenmouth,Connecticut,24070,Brazil
69,Keith,Carter,cbrown@bailey-brock.com,(187)108-7930x9071,9699 Grant Shoal Suite 904,West Kevin,Oklahoma,84516,Greece
70,Jillian,Nicholson,zrose@hotmail.com,684.159.5640x4646,35097 Murphy Isle,Russellfort,Missouri,86861,Argentina
71,Jenny,Chavez,alvaradoemily@hernandez.com,919.389.3536x92890,4674 Melissa Terrace Apt. 340,Jackieton,Tennessee,94884,Albania
72,Elizabeth,Jones,denisethomas@hotmail.com,(488)511-6128x213,337 Emily Plaza Suite 667,Wilkersontown,Kansas,91059,Antarctica (the territory South of 60 deg S)
73,Eric,Peterson,fullercarol@williams.info,262-317-7339x36118,7113 Emily Inlet,North Michael,Illinois,19148,Dominica
74,Brent,Friedman,vanessa08@gibbs.com,351.121.4650,88728 Vincent Wells,East Paul,Louisiana,92796,Gibraltar
75,Rebecca,Thompson,tapiatammy@fitzgerald.com,001-370-744-6581x66830,686 Charles Cape,North Anthonyton,Nebraska,39582,Liechtenstein
76,Ricardo,Shaffer,laurakidd@gmail.com,118.140.3491x8294,22210 Peter Keys,Tiffanyborough,Mississippi,77127,Estonia
77,Chad,Walker,johnsonamanda@gmail.com,107.437.4912,68390 Copeland Underpass Apt. 297,Alexanderfurt,New Mexico,53646,Mauritius
78,Michael,Mathis,matthewstewart@gmail.com,747.831.4709,27853 Tina Trail,Port Matthew,Massachusetts,82137,Turkmenistan
79,Paige,Smith,kgilbert@hotmail.com,767-772-1466x60094,65756 Stephen Fords,Kennedyhaven,Utah,98026,Sri Lanka
80,Megan,Morgan,cherylhampton@taylor.com,2772571885,541 Carol Manors Suite 856,Daltonstad,Oklahoma,20005,Morocco
81,Timothy,Moody,vlutz@joseph.com,970-559-2820,8812 Ramos Fall,New Nicole,North Dakota,60436,Antigua and Barbuda
82,Haley,Weaver,osmith@hotmail.com,120.742.5210,7693 Walker Unions Apt. 128,Nunezmouth,Wisconsin,10109,United Arab Emirates
83,Taylor,Mccarthy,tammyhill@gmail.com,+1-313-049-3153,219 Melissa Gardens,West Jonathan,Connecticut,22582,Ghana
84,Cindy,Pham,delgadorobert@yahoo.com,479.841.9166,831 Timothy Spur,Ramosstad,Virginia,03816,Kuwait
85,Larry,Krueger,steve92@cross.com,345-153-1341x6437,6167 Frazier Springs Suite 873,Garzafurt,Connecticut,20945,Eritrea
86,Bryan,Reyes,sandraallen@simpson.com,(181)107-4246x2432,835 Alexis Cape Suite 194,Johnnyport,Minnesota,40503,Guyana
87,Anthony,King,jordanchristopher@gmail.com,332-340-6709x753,91230 Juan Key Suite 512,Lake Markborough,Vermont,67109,Norway
88,Tammy,Roberts,jeffreyhenry@anderson.com,763.182.7827x6273,8811 Gonzalez Vista Apt. 046,Port Angelburgh,Utah,72743,Chad
89,Carol,Ford,peterhernandez@gmail.com,(930)870-4323x80130,182 Jodi Tunnel Suite 544,Murphychester,Mississippi,02199,Holy See (Vatican City State)
90,Katherine,Richardson,evasquez@lowery.com,385-427-4109,6486 Clay Station Apt. 540,Veronicaton,Maryland,78257,Malaysia
91,Amanda,Shields,melissa54@yahoo.com,8452173306,5466 Ashley Junction Apt. 269,Davischester,New Jersey,37906,Ireland
92,Daniel,Lewis,lpowell@chang.net,6623370845,135 Smith Isle Apt. 069,East Laura,Delaware,43053,Timor-Leste
93,Amber,Dyer,ericlevy@parker.com,+1-472-484-1602x52899,2314 Thompson Fields,South Christine,Georgia,66280,Mongolia
94,Shane,Baird,blackburnlisa@west.com,+1-328-588-1820x428,1717 Matthew Mill,Snydershire,Arizona,18445,Philippines
95,Rebecca,Oneal,tuckerdustin@williams.biz,+1-229-203-4259x54144,2707 Marsh Turnpike Apt. 588,Savageburgh,Nebraska,62623,Tunisia
96,Jennifer,Lewis,robertowens@gmail.com,(312)998-7781x7074,52655 Wayne Mill,Carrieborough,New York,66623,Albania
97,Linda,Jones,jonespeter@gmail.com,653-431-1512,5221 Brad Courts,Moranbury,Hawaii,37207,Angola
98,Angela,Hill,brandi23@hotmail.com,+1-795-744-6421x5317,81838 Church Divide,Lindachester,Alaska,24743,Slovenia
99,Phillip,Fernandez,jeffreymckenzie@gmail.com,001-366-417-2706x8433,45808 Christina Fall,North Stephanieview,Ohio,92741,Wallis and Futuna
100,Eric,Harris,martin15@gentry.info,430.831.7912,1328 Summer Divide,Whitefort,Alaska,86844,Maldives
